{
    "cities": [
        {
            "id": "c1",
            "name": "Palanga",
            "description": "Palanga is a resort town on Lithuania’s Baltic coast. Palangos Pliažas is a long beach, backed by dunes. Palangos Tiltas, an L-shaped pier, was constructed in the late 1800s. It joins the lively, pedestrianized Basanavičiaus Street, lined with bars and restaurants. The neo-Renaissance Tiskevičiai Palace houses the Palanga Amber Museum, which has a large display of amber, and exhibits on the gemstone’s history.",
            "slug": "palanga",
            "types": ["t1", "t2", "t3", "t4"]
        },
        {
            "id": "c2",
            "name": "Šventoji",
            "slug": "sventoji",
            "description": "Šventoji is a small resort town on the coast of the Baltic Sea in Lithuania. Administratively it is part of Palanga city. The total population of Šventoji as of 2012 was 2631",
            "types": ["t1", "t2", "t3", "t4"]
        },
        {
            "id": "c3",
            "name": "Nida",
            "description": "",
            "slug": "nida",
            "types": ["t1", "t2", "t3", "t4"]
        }
    ]
}