{
    "items": [
        {
            "name": "Almuka",
            "description": "",
            "city": ObjectId("58f3316eda2254dd9afc1cbd"),
            "types": [ ObjectId("58f33271da2254dd9afc1cc0"), ObjectId("58f33271da2254dd9afc1cc2")]
        },
        {
            "name": "Po kaštonu",
            "description": "",
            "city": ObjectId("58f3316eda2254dd9afc1cbd"),
            "types": [ObjectId("58f33271da2254dd9afc1cc3"), ObjectId("58f33271da2254dd9afc1cc1")] 
        },
        {
            "name": "Poilsis šventojoje",
            "description": "",
            "city": ObjectId("58f3316eda2254dd9afc1cbe"),
            "types": [ObjectId("58f33271da2254dd9afc1cc0")]
        },
        {
            "name": "Poilsis Nidoje",
            "description": "",
            "city": ObjectId("58f3316eda2254dd9afc1cbf"),
            "types": [ObjectId("58f33271da2254dd9afc1cc1"), ObjectId("58f33271da2254dd9afc1cc3")]
        }
    ]
}