{
	"cities": {
		"selectedId": 123,
		"aliases": ["palanga", "sventoji"],
		"dataMap": {
			"123": {
				"name": "Palanga",
				"id": 123,
				"description": "Lorem ipsum dolot",
				"alias": "palanga",
				"isItemsLoaded": false,
				"items": [1232, 3456],
				"types": [145]
			},
			"322": {
				"name": "Šventoji",
				"id": 322,
				"description": "afsasfasfas",
				"alias": "sventoji",
				"isItemsLoaded": false,
				"items": [],
				"types": []
			}
		}		
	},
	"types": {
		"selectedId": 145,
		"aliases": ["kambariu-nuoma"],
		"dataMap": {
			"145": {
				"name": "Kambariu nuoma",
				"id": "145",
				"alias": "kambariu-nuoma",
				"items": [1232]
			}
		}
	},
	"items": {
		"isFetching": false,
		"selectedId": 1232,
		"aliases": ["almuka-2534"],
		"dataMap": {
			"1233": {
				"title": "Almuka",
				"id": 2534,
				"city": 123,
				"alias": "almuka-2534",
				"types": [145],
				"address": "Geliu a 12, Palanga",
				"fullInfo": false
			}
		},
		"newItem": {
			"id": 123,
			"title": "abc",
			"city": 123,
			"types": [245, 653],
			"address": "Geliu a 12, Palanga",
			"description": "Lorem ipsum dolot"
		}
	}
}